crop,class,btu_ac_app,years_of_data
barley,herbicide,88308.84771580022,2019 2011
barley,insecticide,5612.352454545455,2019 2011
barley,fungicide,5683.020792207792,2019 2011
