crop,class,btu_ac_app,years_of_data
soybeans,herbicide,122714.00310452857,2020 2018
soybeans,insecticide,9820.05941090909,2020 2018
soybeans,fungicide,9141.828206773618,2020 2018
