crop,class,btu_ac_app,years_of_data
cotton,herbicide,119867.94988489323,2021 2019
cotton,insecticide,13414.656757575758,2021 2019
cotton,fungicide,8182.241420454544,2021 2019
