crop,class,btu_ac_app,years_of_data
soybeans,herbicide,130988.26478510888,2020 2018
soybeans,insecticide,11633.035036963038,2020 2018
soybeans,fungicide,9726.212546984265,2020 2018
