crop,class,btu_ac_app,years_of_data
peanuts,herbicide,79966.5247670951,2018 2013
peanuts,insecticide,26654.732630303028,2018 2013
peanuts,fungicide,23839.065358585853,2018 2013
