crop,class,btu_ac_app,years_of_data
rice,herbicide,292101.91364557174,2021 2013
rice,insecticide,4482.191175757575,2021 2013
rice,fungicide,131461.34548863635,2021 2013
